Autor(es);Descrição;Leiloeiro;UF;Data do pregão;Lance inicial (R$);Valor final (R$);Status;Link;Detectado em
Machado de Assis;LIVRO - Machado de Assis e o Processo de Criação Literária - Jaison Luís Crestani - 2014 - 432 pg - brochura;Parafernálias Leilões;SP;10/7/2026 19h;20,00;;em_andamento;https://www.leiloesbr.com.br/abre_catalogo.asp?t=1|http://www.parafernaliasleiloes.com.br|62346|31528989;2026-07-10T18:19:39+00:00
Araújo Porto-Alegre;"Borges de Medeiros. Livro ""Subsidios para o estudo de sua vida e de sua obra colligidos por João Pio de Almeida"", datado de 1928, 335 pgs. Editora Julio Dias Allend. Porto Alegre. Conservado VIDE FOTO.";Alberto Lopes - Leiloeiro Público;RJ;10/7/2026 19h;80,00;;em_andamento;https://www.leiloesbr.com.br/abre_catalogo.asp?t=1|http://www.albertolopesleiloeiro.com.br|61932|31465011;2026-07-10T18:19:39+00:00
Rui Barbosa;LIVRO - Repertório da Réplica de Rui Barbosa - M. S. Mendes de Morais - 1950 - 175 pg - brochura - com amareladas pela ação do tempo e capa com desgastes nas bordas.;Parafernálias Leilões;SP;11/7/2026 19h;15,00;;em_andamento;https://www.leiloesbr.com.br/abre_catalogo.asp?t=1|http://www.parafernaliasleiloes.com.br|62346|31553801;2026-07-10T18:19:39+00:00
Machado de Assis;LIVRO - Machado de Assis e o processo de criação literária -  Jaison Luiz crestani - 2014 - 432 páginas - brochura.;Parafernálias Leilões;SP;11/7/2026 19h;20,00;;em_andamento;https://www.leiloesbr.com.br/abre_catalogo.asp?t=1|http://www.parafernaliasleiloes.com.br|62346|31544937;2026-07-10T18:19:39+00:00
Araújo Porto-Alegre;"Livro ""Torres da Província: História e Iconografia das Igrejas de Porto Alegre"". Textos de Alcy Cheuiche, Armindo Trevisan, Moacyr Flores, Élvio Vargas. Livro com 100 páginas.";Felix Conrado - Leiloeiro Oficial;RJ;11/7/2026 14h;50,00;;em_andamento;https://www.leiloesbr.com.br/abre_catalogo.asp?t=1|http://www.conradoleiloeiro.com.br|63314|31510846;2026-07-10T18:19:39+00:00
Araújo Porto-Alegre;LIVRO - Festa de Nossa Senhora dos Navegantes – Dante de Laytano – 1955 – 128 páginas – 16 x 23 cm – Comissão Estadual de Folclore do Rio Grande do Sul (I.B.E.C.C.) – Estudo etnográfico pioneiro sobre as tradições afro-brasileiras e a devoção popular na celebração da padroeira dos marinheiros em Porto Alegre - Brochura, capa original em bom estado, miolo completo, firme, amarelado pela ação do tempo.;Avenida Leilões - Livreiro Antiquário;RS;13/7/2026 19:30h;50,00;;em_andamento;https://www.leiloesbr.com.br/abre_catalogo.asp?t=1|http://www.avenidalivros.com.br|62919|31308032;2026-07-10T18:19:39+00:00
Araújo Porto-Alegre;LIVRO - O Poder Negro (Cadernos Movimento nº 2) – Carlos Jorge Appel (Org.) – 1968 – 64 páginas – 15,5 x 23 cm – Editora Movimento – Publicação política de Porto Alegre que reúne textos fundamentais sobre o movimento Black Power e a luta contra o racismo nos anos 60 - Brochura, capa original em bom estado, miolo completo, firme, amarelado pela ação do tempo.;Avenida Leilões - Livreiro Antiquário;RS;13/7/2026 19:30h;12,00;;em_andamento;https://www.leiloesbr.com.br/abre_catalogo.asp?t=1|http://www.avenidalivros.com.br|62919|31308029;2026-07-10T18:19:39+00:00
Hipólito da Costa;LIVRO - Hipólito da Costa e o Universo da Liberdade – F. Riopardense de Macedo – 1974 – 168 – 14 x 21 cm – Sulina / ARI – Obra biográfica e histórica lançada em comemoração ao bicentenário de nascimento de Hipólito José da Costa, focando em sua atuação como patrono da imprensa brasileira e defensor das ideias liberais. Brochura, capa original em bom estado, miolo completo, firme, amarelado pela ação do tempo.;Avenida Leilões - Livreiro Antiquário;RS;13/7/2026 19:30h;10,00;;em_andamento;https://www.leiloesbr.com.br/abre_catalogo.asp?t=1|http://www.avenidalivros.com.br|62919|31308014;2026-07-10T18:19:39+00:00
Araújo Porto-Alegre;LIVRO - Theatro São Pedro – Athos Damasceno – 1975 – 140 – 28 x 21 cm – Governo do Estado do RS – Importante registro documental e arquitetônico sobre o mais tradicional palco de Porto Alegre, desde sua fundação no século XIX - capa dura original em bom estado, miolo completo, firme, amarelado pela ação do tempo.;Avenida Leilões - Livreiro Antiquário;RS;13/7/2026 19:30h;10,00;;em_andamento;https://www.leiloesbr.com.br/abre_catalogo.asp?t=1|http://www.avenidalivros.com.br|62919|31308009;2026-07-10T18:19:39+00:00
Araújo Porto-Alegre;LIVRO - SAMRIG: Relatório da Diretoria 1975/76 – SAMRIG (Diretoria) – 1976 – 40 – 28 x 21 cm – SAMRIG – Relatório anual com foco na arquitetura histórica de Porto Alegre, ilustrado com desenhos de prédios icônicos da capital gaúcha - Brochura, capa original em bom estado, miolo completo, firme, amarelado pela ação do tempo.;Avenida Leilões - Livreiro Antiquário;RS;13/7/2026 19:30h;10,00;;em_andamento;https://www.leiloesbr.com.br/abre_catalogo.asp?t=1|http://www.avenidalivros.com.br|62919|31308000;2026-07-10T18:19:39+00:00
Araújo Porto-Alegre;LIVRO - Rua da Praia – Nilo Ruschel – 1971 – 256 – 14 x 21 cm – Editora Sulina – Obra icônica que mescla crônica e história sobre a rua mais famosa de Porto Alegre, resgatando tipos humanos e cenários urbanos - Brochura, capa original em bom estado, miolo completo, firme, amarelado pela ação do tempo.;Avenida Leilões - Livreiro Antiquário;RS;13/7/2026 19:30h;10,00;;em_andamento;https://www.leiloesbr.com.br/abre_catalogo.asp?t=1|http://www.avenidalivros.com.br|62919|31307994;2026-07-10T18:19:39+00:00
Araújo Porto-Alegre;LIVRO - Homens e Coisas de Jornal – Alcides Gonzaga – 1959 – 254 – 14 x 19 cm – Livraria do Globo – Obra memorialística de um dos pioneiros da crônica e do jornalismo gaúcho, registrando tipos humanos e episódios marcantes da imprensa em Porto Alegre - Brochura, capa original em bom estado, miolo completo, firme, amarelado pela ação do tempo.;Avenida Leilões - Livreiro Antiquário;RS;13/7/2026 19:30h;10,00;;em_andamento;https://www.leiloesbr.com.br/abre_catalogo.asp?t=1|http://www.avenidalivros.com.br|62919|31307963;2026-07-10T18:19:39+00:00
Araújo Porto-Alegre;LIVRO - Andanças e Contradanças – Valter Galvani – 1970 – 123 pags. – 14 x 21 cm – Livraria Sulina – Coletânea de crônicas jornalísticas que exploram a identidade cultural e o cotidiano de Porto Alegre, escritas por um dos nomes mais tradicionais do jornalismo gaúcho - Brochura, capa original em bom estado, miolo completo, firme, amarelado pela ação do tempo.;Avenida Leilões - Livreiro Antiquário;RS;13/7/2026 19:30h;10,00;;em_andamento;https://www.leiloesbr.com.br/abre_catalogo.asp?t=1|http://www.avenidalivros.com.br|62919|31307948;2026-07-10T18:19:39+00:00
Araújo Porto-Alegre;LIVRO - Centro Cultural CEEE Erico Verissimo: memória que gera cultura, cultura que gera memória – CEEE (Organização) – 2002 – 152 pags. – 32 x 22 cm – Edição Institucional CCCEV – Livro que registra a restauração do histórico prédio `Força e Luz` em Porto Alegre e a inauguração do centro cultural dedicado à preservação do acervo de Erico Verissimo. - Brochura, capa original em bom estado, miolo completo, firme, amarelado pela ação do tempo.;Avenida Leilões - Livreiro Antiquário;RS;13/7/2026 19:30h;10,00;;em_andamento;https://www.leiloesbr.com.br/abre_catalogo.asp?t=1|http://www.avenidalivros.com.br|62919|31307945;2026-07-10T18:19:39+00:00
Joaquim Nabuco;LIVRO - A Escravidão – Joaquim Nabuco – 1988 – 168 páginas – 14x21 cm - Nova Fronteira – Reunião de textos fundamentais de um dos maiores abolicionistas brasileiros, oferecendo uma crítica ética e política à instituição da escravidão - Brochura, capa original em bom estado, miolo completo, firme, amarelado pela ação do tempo.;Avenida Leilões - Livreiro Antiquário;RS;13/7/2026 19:30h;14,00;;em_andamento;https://www.leiloesbr.com.br/abre_catalogo.asp?t=1|http://www.avenidalivros.com.br|62919|31307920;2026-07-10T18:19:39+00:00
Araújo Porto-Alegre;LIVRO - Golpe Mata Jornal – Jefferson Barros – 1994 – 136 páginas – 15x22 cm - JA Editores – Memória da imprensa gaúcha que foca no fechamento do jornal Ultima Hora de Porto Alegre após o movimento militar de 1964 - Brochura, capa original em bom estado, miolo completo, firme, amarelado pela ação do tempo.;Avenida Leilões - Livreiro Antiquário;RS;13/7/2026 19:30h;14,00;;em_andamento;https://www.leiloesbr.com.br/abre_catalogo.asp?t=1|http://www.avenidalivros.com.br|62919|31307913;2026-07-10T18:19:39+00:00
Machado de Assis;Livro - Dom Casmurro, Machado de Assis, Editores - W. M. Jackson Inc. do ano de 1947 com 436 pg med 20x15 cm (Brochura com durex, capa com desgastes do tempo, no estado);Antonio Ferreira - Leiloeiro Oficial;RJ;14/7/2026 19:30h;20,00;;em_andamento;https://www.leiloesbr.com.br/abre_catalogo.asp?t=1|http://br.antonioferreira.lel.br|63044|31577659;2026-07-10T18:19:39+00:00
Araújo Porto-Alegre;CHAVES DE ESPERANÇA - J. TREIGER - FUNDAÇÃO EDUCACIONAL E EDITORIAL UNIVERSALISTA (FEEU - PORTO ALEGRE) - 88pg, FORMATO: 14,5 x 21 cm - AMARELECIEMNTO;Marcio Pinho - Leiloeiro Público;RJ;14/7/2026 18:30h;20,00;;em_andamento;https://www.leiloesbr.com.br/abre_catalogo.asp?t=1|http://www.marciopinho.com.br|63158|31569832;2026-07-10T18:19:39+00:00
Araújo Porto-Alegre;ADMINISTRAÇÃO PARA INICIANTES: ESTRUTURAS e COMUNICAÇÃO - FROTA NETO - EDITORA RÍGEL (PORTO ALEGRE, 1995) - 110pg, FORMATO: 14 x 21,5 cm - BOM ESTADO GERAL, C/ ALGUM AMARELECIMENTO;Marcio Pinho - Leiloeiro Público;RJ;14/7/2026 18:30h;10,00;;em_andamento;https://www.leiloesbr.com.br/abre_catalogo.asp?t=1|http://www.marciopinho.com.br|63158|31500337;2026-07-10T18:19:39+00:00
Araújo Porto-Alegre;"ENGENHARIA SANITÁRIA (Vol I, 2a EDIÇÃO) - HIGIENE DA ÁGUA; HIGIENE DO SOLO; HIGIENE DO AR; HIGIENE INDIVIDUAL - ANTÔNIO DE SIQUEIRA - EDITORA GLOBO (PORTO ALEGRE, 1959) - CAPA DURA, ILUSTRADO, 536pg, FORMATO: 16,5 x 23,5 cm - MARCAS DO TEMPO E USO, AMARELECIMENTO, C/ DESGASTES";Marcio Pinho - Leiloeiro Público;RJ;14/7/2026 18:30h;45,00;;em_andamento;https://www.leiloesbr.com.br/abre_catalogo.asp?t=1|http://www.marciopinho.com.br|63158|31469357;2026-07-10T18:19:39+00:00
Machado de Assis;LIVRO - Esaú e Jacó / Memorial de Aires – Machado de Assis – 2008 – 420 páginas – 23 x 16 cm – Nova Cultural – Volume reunindo os dois últimos romances de Machado de Assis, centrados na decadência do Império, conflitos políticos e observação psicológica refinada da sociedade carioca do final do século XIX. - capa dura original em bom estado, miolo completo, firme, amarelado pela ação do tempo.;Avenida Leilões - Livreiro Antiquário;RS;14/7/2026 19:30h;10,00;;em_andamento;https://www.leiloesbr.com.br/abre_catalogo.asp?t=1|http://www.avenidalivros.com.br|62919|31308404;2026-07-10T18:19:39+00:00
Machado de Assis;LIVRO - Contos do Rio de Janeiro – Machado de Assis – 2002 – 240 páginas – 21 x 14 cm – Editora Biblioteca Nacional – Seleção de contos machadianos ambientados no Rio de Janeiro do século XIX, revelando ironia social, crítica psicológica e refinamento narrativo do principal autor da literatura brasileira - Brochura, capa original em bom estado, miolo completo, firme, amarelado pela ação do tempo.;Avenida Leilões - Livreiro Antiquário;RS;14/7/2026 19:30h;10,00;;em_andamento;https://www.leiloesbr.com.br/abre_catalogo.asp?t=1|http://www.avenidalivros.com.br|62919|31308397;2026-07-10T18:19:39+00:00
Machado de Assis;LIVRO - Lote com 7 titulos de Obras de Machado de Assis diversas editoras (Correspondência / Relíquias da Casa Velha / Escritos Avulsos / Escritos Avulsos II / Dom Casmurro / Helena / O Alienista) – Machado de Assis – edições dos anos 80 – 21 x 14 cm – Ediouro e Globo – Conjunto de importantes obras do maior escritor brasileiro, reunindo romances, contos, correspondências e ensaios fundamentais para a literatura nacional.Brochura, capa original em bom estado, miolo completo, firme, amarelado pela ação do tempo.;Avenida Leilões - Livreiro Antiquário;RS;14/7/2026 19:30h;30,00;;em_andamento;https://www.leiloesbr.com.br/abre_catalogo.asp?t=1|http://www.avenidalivros.com.br|62919|31308380;2026-07-10T18:19:39+00:00
Araújo Porto-Alegre;LIVRO - Reminiscências de Gaúcho – Francisco de Magalhães – 1940 – 220 páginas – 21 x 14 cm – Oficinas Gráficas da Livraria Selbach Ltda., Porto Alegre – Livro memorialístico regionalista reunindo lembranças da vida campeira e costumes do Rio Grande do Sul. A edição apresenta antologia organizada por Paulo Viola e possui interesse histórico para estudos do tradicionalismo gaúcho - Brochura, capa original em bom estado, miolo completo, firme, amarelado pela ação do tempo.;Avenida Leilões - Livreiro Antiquário;RS;14/7/2026 19:30h;50,00;;em_andamento;https://www.leiloesbr.com.br/abre_catalogo.asp?t=1|http://www.avenidalivros.com.br|62919|31308340;2026-07-10T18:19:39+00:00
Araújo Porto-Alegre;LIVRO - Caminhos Cruzados – Erico Verissimo – 1939 – 320 páginas – 21 x 14 cm – Livraria do Globo – Um dos romances mais importantes da primeira fase de Erico Verissimo, retratando a vida urbana e os conflitos sociais de Porto Alegre nos anos 1930 através de múltiplos personagens interligados - Brochura, capa original em bom estado, miolo completo, firme, amarelado pela ação do tempo.;Avenida Leilões - Livreiro Antiquário;RS;14/7/2026 19:30h;20,00;;em_andamento;https://www.leiloesbr.com.br/abre_catalogo.asp?t=1|http://www.avenidalivros.com.br|62919|31308309;2026-07-10T18:19:39+00:00
Machado de Assis;LIVRO - O Velho Senado – Machado de Assis – 2007 – 96 páginas – 21 x 14 cm – Senado Federal / Edições do Senado – Reedição comentada da célebre crônica memorialística de Machado de Assis sobre o Senado do Império, acompanhada de notas históricas e material biográfico complementar - Brochura, capa original em bom estado, miolo completo, firme, amarelado pela ação do tempo.;Avenida Leilões - Livreiro Antiquário;RS;14/7/2026 19:30h;10,00;;em_andamento;https://www.leiloesbr.com.br/abre_catalogo.asp?t=1|http://www.avenidalivros.com.br|62919|31308225;2026-07-10T18:19:39+00:00
Machado de Assis;LIVRO - Machado de Assis e a Administração Pública Federal – Paulo Guedes e Elizabeth Hazin – 2007 – 180 páginas – 21 x 14 cm – Senado Federal – Estudo documental sobre a atuação de Machado de Assis como funcionário público no Império e na República, publicado nas comemorações dos 200 anos da Imprensa Nacional - Brochura, capa original em bom estado, miolo completo, firme, amarelado pela ação do tempo.;Avenida Leilões - Livreiro Antiquário;RS;14/7/2026 19:30h;12,00;;em_andamento;https://www.leiloesbr.com.br/abre_catalogo.asp?t=1|http://www.avenidalivros.com.br|62919|31308224;2026-07-10T18:19:39+00:00
Machado de Assis;LIVRO - Correspondência – Machado de Assis – 1942 – 360 páginas – 22 x 15 cm – W. M. Jackson Inc. – Volume integrante das Obras Completas de Machado de Assis, reunindo cartas pessoais e literárias do escritor brasileiro, importantes para o estudo de sua trajetória intelectual - capa dura em bom estado, miolo completo, firme, amarelado pela ação do tempo.;Avenida Leilões - Livreiro Antiquário;RS;14/7/2026 19:30h;10,00;;em_andamento;https://www.leiloesbr.com.br/abre_catalogo.asp?t=1|http://www.avenidalivros.com.br|62919|31308223;2026-07-10T18:19:39+00:00
Araújo Porto-Alegre;LIVRO - A Prisioneira do Castelinho do Alto da Bronze  Juemir Machado da Silva  1982  180 páginas  21 x 14 cm  AGE Editora  Romance-reportagem ambientado em Porto Alegre, misturando jornalismo, memória urbana e narrativa ficcional em torno de um célebre caso policial gaúcho - Brochura, capa original em bom estado, miolo completo, firme, amarelado pela ação do tempo.;Avenida Leilões - Livreiro Antiquário;RS;14/7/2026 19:30h;80,00;;em_andamento;https://www.leiloesbr.com.br/abre_catalogo.asp?t=1|http://www.avenidalivros.com.br|62919|31308196;2026-07-10T18:19:39+00:00
Machado de Assis;LIVRO - Dom Casmurro – Machado de Assis – 2003 – 256 páginas – 21 x 14 cm – Folha de S.Paulo / Coleção Grandes Escritores Brasileiros – Um dos romances mais importantes da literatura brasileira, narrando as memórias de Bentinho e sua relação ambígua com Capitu. Obra-prima do realismo psicológico machadiano - capa dura original em bom estado, miolo completo, firme, amarelado pela ação do tempo.;Avenida Leilões - Livreiro Antiquário;RS;14/7/2026 19:30h;10,00;;em_andamento;https://www.leiloesbr.com.br/abre_catalogo.asp?t=1|http://www.avenidalivros.com.br|62919|31308193;2026-07-10T18:19:39+00:00
Araújo Porto-Alegre;LIVRO - O Barranco na Formação Sexual do Gaúcho – Edgar Osmar Schütz, Schulz Thomas Kessler – 1985 – 180 páginas – 21 x 14 cm – edição independente / Porto Alegre – Estudo sociológico e histórico sobre sexualidade, cultura regional e formação comportamental do homem gaúcho, publicado durante as comemorações do Sesquicentenário da Revolução Farroupilha - Brochura, capa original em bom estado, miolo completo, firme, amarelado pela ação do tempo.;Avenida Leilões - Livreiro Antiquário;RS;14/7/2026 19:30h;55,00;;em_andamento;https://www.leiloesbr.com.br/abre_catalogo.asp?t=1|http://www.avenidalivros.com.br|62919|31308190;2026-07-10T18:19:39+00:00
Araújo Porto-Alegre;LIVRO - Histórias de Erico Verissimo para Crianças – Erico Verissimo – 1973 – 96 páginas – 21 x 14 cm – Editora Globo – Coletânea infantil ilustrada por Vera Maria Muccillo, reunindo adaptações e narrativas de Erico Verissimo voltadas ao público juvenil. Publicação patrocinada pela Ipiranga S.A. em Porto Alegre - Brochura, capa original em bom estado, miolo completo, firme, amarelado pela ação do tempo.;Avenida Leilões - Livreiro Antiquário;RS;14/7/2026 19:30h;10,00;;em_andamento;https://www.leiloesbr.com.br/abre_catalogo.asp?t=1|http://www.avenidalivros.com.br|62919|31308178;2026-07-10T18:19:39+00:00
João Francisco Lisboa;LIVRO - Vida do Padre Antônio Vieira – Volume XIX – João Francisco Lisboa – 1948 – 320 páginas – 22 x 15 cm – W. M. Jackson Inc. / Clássicos Jackson – Estudo biográfico sobre o célebre jesuíta e orador português Padre Antônio Vieira, escrito pelo historiador maranhense João Francisco Lisboa. Obra clássica da historiografia e crítica literária brasileira - capa dura original em bom estado, miolo completo, firme, amarelado pela ação do tempo.;Avenida Leilões - Livreiro Antiquário;RS;14/7/2026 19:30h;12,00;;em_andamento;https://www.leiloesbr.com.br/abre_catalogo.asp?t=1|http://www.avenidalivros.com.br|62919|31308123;2026-07-10T18:19:39+00:00
Francisco Adolfo de Varnhagen;"COLEÇÃO COM 5 VOLUMES- História Geral do Brasil tomo I, II, III, IV e V (1975); de Francisco Adolfo de Varnhagen; editora Melhoramentos; livros capa dura; 16x23cm; em bom estado de conservação.";Bruce Angeiras Leilões;RJ;14/7/2026 15h;60,00;;em_andamento;https://www.leiloesbr.com.br/abre_catalogo.asp?t=1|http://www.bruceangeirasleiloeiro.com.br|61635|30300390;2026-07-10T18:19:39+00:00
Machado de Assis;"Machado de Assis (1939); de Mário Matos; editora Companhia Nacional; livro capa dura; 13x19cm; 451 páginas; em bom estado de conservação.";Bruce Angeiras Leilões;RJ;14/7/2026 15h;10,00;;em_andamento;https://www.leiloesbr.com.br/abre_catalogo.asp?t=1|http://www.bruceangeirasleiloeiro.com.br|61635|30296772;2026-07-10T18:19:39+00:00
Visconde do Rio Branco;"A Vida e a Época do Visconde do Rio Branco (1992); de Hermes Vieira; editora T. A. Queiroz; livro brochura; 14x21cm; 484 páginas; em bom estado de conservação.";Bruce Angeiras Leilões;RJ;14/7/2026 15h;10,00;;em_andamento;https://www.leiloesbr.com.br/abre_catalogo.asp?t=1|http://www.bruceangeirasleiloeiro.com.br|61635|30296720;2026-07-10T18:19:39+00:00
Oliveira Lima;"O Movimento da Independência O Império Brasileiro (1821-1889); (1962); de Oliveira Lima; editora Melhoramentos; livro capa dura; 16x23cm; 509 páginas; em bom estado de conservação.";Bruce Angeiras Leilões;RJ;14/7/2026 15h;10,00;;em_andamento;https://www.leiloesbr.com.br/abre_catalogo.asp?t=1|http://www.bruceangeirasleiloeiro.com.br|61635|30294690;2026-07-10T18:19:39+00:00
Visconde de Taunay;"A Retirada da Laguna (1963); de Alfredo D'Escragnolle Taunay; editora Melhoramentos; livro capa dura; 16x23cm; 202 páginas; em bom estado de conservação.";Bruce Angeiras Leilões;RJ;14/7/2026 15h;10,00;;em_andamento;https://www.leiloesbr.com.br/abre_catalogo.asp?t=1|http://www.bruceangeirasleiloeiro.com.br|61635|30294642;2026-07-10T18:19:39+00:00
Visconde de Taunay;"Diário do Exército 1869-1870 (1958); de Alfredo D'Escragnolle Taunay; editora Melhoramentos; livro capa dura; 16x23cm; 306 páginas; em bom estado de conservação.";Bruce Angeiras Leilões;RJ;14/7/2026 15h;10,00;;em_andamento;https://www.leiloesbr.com.br/abre_catalogo.asp?t=1|http://www.bruceangeirasleiloeiro.com.br|61635|30294624;2026-07-10T18:19:39+00:00
Joaquim Manuel de Macedo;"BOX COM 2 VOLUMES - Um Passeio pela Cidade do Rio de Janeiro (2005); de Joaquim Manuel de Macedo; editora do Senado Federal; livros brochura; 16x23cm; em bom estado de conservação.";Bruce Angeiras Leilões;RJ;14/7/2026 15h;20,00;;em_andamento;https://www.leiloesbr.com.br/abre_catalogo.asp?t=1|http://www.bruceangeirasleiloeiro.com.br|61635|30255059;2026-07-10T18:19:39+00:00
Aluísio Azevedo, Machado de Assis;AUTORES PARA VESTIBULAR: ESTRUTURA E INTERPRETAÇÃO DE TEXTOS - ALUÍSIO AZEVEDO / MACHADO DE ASSIS / AUTRAN DOURADO / C. DRUMMOND DE ANDRADE / MANUEL BANDEIRA - ESTUDOS/AUTORIA DE: AFFONSO ROMANO DE SANTANNA / DIRCE CORTES RIEDEL / MARLENE DE CASTRO CORREIA - EDITORA VOZES (PETRÓPOLIS, 1973) - 114pg, FORMATO: 14 x 21 cm - C/ ALGUM AMARELECIMENTO, C/ ALGUNS POUCOS GRIFADOS e ANOTAÇÕES DO ANTIGO DONO;Marcio Pinho - Leiloeiro Público;RJ;15/7/2026 14h;10,00;;em_andamento;https://www.leiloesbr.com.br/abre_catalogo.asp?t=1|http://www.marciopinho.com.br|63158|31569823;2026-07-10T18:19:39+00:00
Araújo Porto-Alegre;Rainer Maria Rilke - Cartas a um Jovem Poeta (tradução de Paulo Rónai) e A Canção de Amor e de Morte do Porta-Estandarte Cristovão Rilke  (tradução de Cecília Meireles), Editora Globo (Porto Alegre) 1966. Em muito boa condição, 109 pgs., 15,5 x 22,7 cm.;Cooper Livros Leilões;MG;15/7/2026 19:30h;15,00;;em_andamento;https://www.leiloesbr.com.br/abre_catalogo.asp?t=1|http://www.cooperlivros.com.br|63254|31483269;2026-07-10T18:19:39+00:00
Aluísio Azevedo;O Touro Negro - Crônicas e Epistolário, Aluízio Azevedo, F. Briguet & Cia. Editores, 1944. Livro em muito boa condição, capa dura original com pequenos desgastes nos cantos da lombada. 180 pgs., 12,5 x 19,0 cm.;Cooper Livros Leilões;MG;15/7/2026 19:30h;10,00;;em_andamento;https://www.leiloesbr.com.br/abre_catalogo.asp?t=1|http://www.cooperlivros.com.br|63254|31483265;2026-07-10T18:19:39+00:00
Rui Barbosa;Do Guarani ao Guaraná - História, Humor e Nacionalidade, 2001, Catálogo da exposição na Casa de Rui Barbosa, RJ,  Ministério da Cultura. Em perfeita condição, impecável. 64 pgs., 22,8 x 30,0 cm;Cooper Livros Leilões;MG;15/7/2026 19:30h;20,00;;em_andamento;https://www.leiloesbr.com.br/abre_catalogo.asp?t=1|http://www.cooperlivros.com.br|63254|31483093;2026-07-10T18:19:39+00:00
Araújo Porto-Alegre;CURRÍCULO: FAÇA VOCÊ MESMO - EDITORA RÍGEL (PORTO ALEGRE, 1993) - MUITO BOM ESTADO GERAL, 29pg, FORMATO: 14 x 20,5 cm;Marcio Pinho - Leiloeiro Público;RJ;15/7/2026 14h;5,00;;em_andamento;https://www.leiloesbr.com.br/abre_catalogo.asp?t=1|http://www.marciopinho.com.br|63158|31433696;2026-07-10T18:19:39+00:00
Gonçalves Dias;PIRÂMIDES - ENERGIA DO FUTURO - ABEILARD GONÇALVES DIAS / 1978 / ÓTIMO ESTADO / 190 PGS /  CX38;Robson Gini Leilões - Trem das 7;SP;15/7/2026 19:30h;11,00;;em_andamento;https://www.leiloesbr.com.br/abre_catalogo.asp?t=1|http://www.tremdas7.com.br|63144|31413174;2026-07-10T18:19:39+00:00
Araújo Porto-Alegre;LIVRO - História da Literatura: Particularizada ao Colégio Universitário e aos Cursos da Escola Normal – José Mesquita de Carvalho – 1938 – 352 páginas – 16 x 23 cm – Livraria do Globo – o exemplar é um raro manual didático histórico publicado em Porto Alegre, voltado à formação literária de estudantes da época, escrito por um tradicional professor e membro da Academia Rio-Grandense de Letras. - cartonado, capa original em bom estado, miolo completo, firme, amarelado pela ação do tempo.;Avenida Leilões - Livreiro Antiquário;RS;15/7/2026 19:30h;10,00;;em_andamento;https://www.leiloesbr.com.br/abre_catalogo.asp?t=1|http://www.avenidalivros.com.br|62919|31308667;2026-07-10T18:19:39+00:00
Araújo Porto-Alegre;LIVRO - Coisas de Família – José Otávio Bertaso – 1997 – 287 páginas – 14 x 21 cm – Sagra Luzzatto – Obra de memórias de José Otávio Bertaso, que reconta a intimidade e os bastidores da lendária Editora Globo de Porto Alegre, fundada por sua família, trazendo relatos sobre grandes nomes da literatura brasileira como Erico Verissimo - Brochura, capa original em bom estado, miolo completo, firme, amarelado pela ação do tempo.;Avenida Leilões - Livreiro Antiquário;RS;15/7/2026 19:30h;10,00;;em_andamento;https://www.leiloesbr.com.br/abre_catalogo.asp?t=1|http://www.avenidalivros.com.br|62919|31308603;2026-07-10T18:19:39+00:00
Visconde de Taunay;LIVRO - Recordações de Guerra e de Viagem – Visconde de Taunay – 2008 – 174 páginas – 23 cm – Edições do Senado Federal – Trata-se do Volume 99 da coleção do Conselho Editorial, que compila memórias e impressões do autor sobre a campanha da Cordilheira na Guerra do Paraguai e suas detalhadas anotações de viagens culturais pela Europa - Brochura, capa original em bom estado, miolo completo, firme, amarelado pela ação do tempo.;Avenida Leilões - Livreiro Antiquário;RS;15/7/2026 19:30h;20,00;;em_andamento;https://www.leiloesbr.com.br/abre_catalogo.asp?t=1|http://www.avenidalivros.com.br|62919|31308570;2026-07-10T18:19:39+00:00
Joaquim Manuel de Macedo;LIVRO - Memórias da Rua do Ouvidor – Joaquim Manuel de Macedo – 2005 – 398 páginas – 23 x 16 cm – Senado Federal – Reedição de clássica crônica memorialista da mais famosa rua carioca do século XIX, originalmente publicada em folhetins - Brochura, capa original em bom estado, miolo completo, firme, amarelado pela ação do tempo.;Avenida Leilões - Livreiro Antiquário;RS;15/7/2026 19:30h;30,00;;em_andamento;https://www.leiloesbr.com.br/abre_catalogo.asp?t=1|http://www.avenidalivros.com.br|62919|31308559;2026-07-10T18:19:39+00:00
Machado de Assis;LIVRO - Escritos Avulsos I – Machado de Assis – 1994 – 320 páginas – 23 x 16 cm – Editora Globo – Volume integrante das obras completas de Machado de Assis, reunindo ensaios, críticas, crônicas e textos dispersos de grande importância para os estudos machadianos - capa dura, capa original em bom estado, miolo completo, firme, amarelado pela ação do tempo.;Avenida Leilões - Livreiro Antiquário;RS;15/7/2026 19:30h;10,00;;em_andamento;https://www.leiloesbr.com.br/abre_catalogo.asp?t=1|http://www.avenidalivros.com.br|62919|31308492;2026-07-10T18:19:39+00:00
Raul Pompeia;LIVRO - O Ateneu – Raul Pompeia – 2002 – 240 páginas – 23 x 16 cm – Nova Cultural – Clássico do realismo brasileiro, retrata a vida em um internato através das memórias do jovem Sérgio, em narrativa marcada por crítica social e introspecção psicológica - capa dura original em bom estado, miolo completo, firme, amarelado pela ação do tempo.;Avenida Leilões - Livreiro Antiquário;RS;15/7/2026 19:30h;10,00;;em_andamento;https://www.leiloesbr.com.br/abre_catalogo.asp?t=1|http://www.avenidalivros.com.br|62919|31308425;2026-07-10T18:19:39+00:00
J. M. Pereira da Silva;"Os Varões Illustres do Brazil tomo segundo (1868); de J. M. Pereira da silva; editora Livraria de B. L. Garnier; livro capa dura; 12x18cm; 365 páginas; em bom estado de conservação, com uma página inicial solta no interior do livro.";Bruce Angeiras Leilões;RJ;15/7/2026 15h;20,00;;em_andamento;https://www.leiloesbr.com.br/abre_catalogo.asp?t=1|http://www.bruceangeirasleiloeiro.com.br|61635|30320359;2026-07-10T18:19:39+00:00
Aluísio Azevedo;O Rio Antigo de Aluísio Azevedo por Carlos Wehrs, 1994 com 185 pgs.;Antiguitati Leilões;RJ;16/7/2026 14h;15,00;;em_andamento;https://www.leiloesbr.com.br/abre_catalogo.asp?t=1|http://www.antiguitati.com.br|63310|31539871;2026-07-10T18:19:39+00:00
Araújo Porto-Alegre;LIVRO - ( Lote com 05 titulos de autores diversos, assuntos variados) O Espectador Noturno: A Revolução Francesa através de Rétif de la Bretonne – Sergio Paulo Rouanet - Amar se Aprende Amando: poesia de convívio e de humor – Carlos Drummond de Andrade - A Relíquia (Biblioteca Zero Hora, Vol. 7) – Eça de Queirós - Histórias para Sorrir – Barbosa Lessa - Cancioneiro da Revolução de 1835 – Apolinário Porto Alegre - Brochura, capa original em bom estado, miolo completo, firme, amarelado pela ação do tempo.;Avenida Leilões - Livreiro Antiquário;RS;16/7/2026 19:30h;20,00;;em_andamento;https://www.leiloesbr.com.br/abre_catalogo.asp?t=1|http://www.avenidalivros.com.br|62919|31309030;2026-07-10T18:19:39+00:00
Aluísio Azevedo, Machado de Assis;LIVRO - (lote com 4 titulos da literatura universal) Contos Soviéticos – Gabriel Marques e Luiz Alípio de Barros - Aventuras de Tom Sawyer – Mark Twain – Esaú e Jacó – Machado de Assis - O Cortiço – Aluísio Azevedo - Brochura, capa original em bom estado, miolo completo, firme, amarelado pela ação do tempo.;Avenida Leilões - Livreiro Antiquário;RS;16/7/2026 19:30h;15,00;;em_andamento;https://www.leiloesbr.com.br/abre_catalogo.asp?t=1|http://www.avenidalivros.com.br|62919|31308992;2026-07-10T18:19:39+00:00
Araújo Porto-Alegre;LIVRO - O fascínio da estrela: Trajetória e contradições do Partido dos Trabalhadores – José Fortunati e Antônio Hohlfeldt – 1995 – 112 págs. – 14 x 21 cm – Mercado Aberto – Análise crítica de cunho político e documental escrita a quatro mãos por duas lideranças proeminentes do cenário político de Porto Alegre na década de 1990 - Brochura, capa original em bom estado, miolo completo, firme, amarelado pela ação do tempo.;Avenida Leilões - Livreiro Antiquário;RS;16/7/2026 19:30h;10,00;;em_andamento;https://www.leiloesbr.com.br/abre_catalogo.asp?t=1|http://www.avenidalivros.com.br|62919|31308953;2026-07-10T18:19:39+00:00
Araújo Porto-Alegre;LIVRO - Popularium sul-rio-grandense: estudo de filologia e folclore – Apolinário Porto Alegre – 1980 – 349 págs. – 14 x 21 cm – Co-edição IEL / UFRGS – Reorganização feita por Lothar Hessel para este trabalho pioneiro de pesquisa linguística e folclórica regional do Rio Grande do Sul, originalmente concebido no século XIX - Brochura, capa original em bom estado, miolo completo, firme, amarelado pela ação do tempo.;Avenida Leilões - Livreiro Antiquário;RS;16/7/2026 19:30h;10,00;;em_andamento;https://www.leiloesbr.com.br/abre_catalogo.asp?t=1|http://www.avenidalivros.com.br|62919|31308946;2026-07-10T18:19:39+00:00
Araújo Porto-Alegre;LIVRO - A Herança do Irmão Joaquim: Histórias da Santa Casa – Redactor Comunicação – 1985 – 76 págs. – 18 x 25 cm – Redactor – Livreto comemorativo ilustrado que resgata a memória, as crônicas e a trajetória assistencial e médica da Santa Casa de Misericórdia de Porto Alegre. - Brochura, capa original em bom estado, miolo completo, firme, amarelado pela ação do tempo.;Avenida Leilões - Livreiro Antiquário;RS;16/7/2026 19:30h;10,00;;em_andamento;https://www.leiloesbr.com.br/abre_catalogo.asp?t=1|http://www.avenidalivros.com.br|62919|31308945;2026-07-10T18:19:39+00:00
Araújo Porto-Alegre;LIVRO - A Comédia Humana (Volume III) – Honoré de Balzac – 1955 – 460 págs. – 15 x 22 cm – Editora Globo – Volume integrante da monumental coleção organizada e traduzida sob a orientação de Paulo Rónai para a Globo de Porto Alegre, contendo novelas célebres como `A Mulher de Trinta Anos` - Brochura, capa original em bom estado, miolo completo, firme, amarelado pela ação do tempo.;Avenida Leilões - Livreiro Antiquário;RS;16/7/2026 19:30h;10,00;;em_andamento;https://www.leiloesbr.com.br/abre_catalogo.asp?t=1|http://www.avenidalivros.com.br|62919|31308941;2026-07-10T18:19:39+00:00
Araújo Porto-Alegre;LIVRO - Homens Ilustres do Rio Grande do Sul – Aquiles Porto Alegre – 1979 – 164 págs. – 14 x 21 cm – Erus – Edição fac-símile ou histórica que reúne perfis biográficos e crônicas sobre importantes personalidades da história, política e cultura sul-rio-grandense escritas pelo célebre cronista porto-alegrense - Brochura, capa original em bom estado, miolo completo, firme, amarelado pela ação do tempo.;Avenida Leilões - Livreiro Antiquário;RS;16/7/2026 19:30h;10,00;;em_andamento;https://www.leiloesbr.com.br/abre_catalogo.asp?t=1|http://www.avenidalivros.com.br|62919|31308939;2026-07-10T18:19:39+00:00
Araújo Porto-Alegre;"LIVRO - As Neves de Kilimanjaro – Ernest Hemingway – 1955 – 78 págs. – 12 x 16 cm – Livros do Brasil (Lisboa) – Livro pertencente à icônica `Colecção Miniatura`, trazendo a clássica tradução de José Correia Ribeiro para o celebrado conto de Hemingway; a folha de rosto apresenta um carimbo histórico da `Livraria Lima` de Porto Alegre. - Brochura, capa original em bom estado, miolo completo, firme, amarelado pela ação do tempo.";Avenida Leilões - Livreiro Antiquário;RS;16/7/2026 19:30h;10,00;;em_andamento;https://www.leiloesbr.com.br/abre_catalogo.asp?t=1|http://www.avenidalivros.com.br|62919|31308927;2026-07-10T18:19:39+00:00
Araújo Porto-Alegre;LIVRO - Segredos da Infância / No Tempo da Flor – Augusto Meyer – 1996 – Editora da Universidade (UFRGS) / Instituto Estadual do Livro – Reedição conjunta em volume único de duas das mais aclamadas obras de caráter memorialista e lírico do autor modernista natural de Porto Alegre - Brochura, capa original em bom estado, miolo completo, firme, amarelado pela ação do tempo.;Avenida Leilões - Livreiro Antiquário;RS;16/7/2026 19:30h;10,00;;em_andamento;https://www.leiloesbr.com.br/abre_catalogo.asp?t=1|http://www.avenidalivros.com.br|62919|31308923;2026-07-10T18:19:39+00:00
Araújo Porto-Alegre;LIVRO - Quem é quem nas letras rio-grandenses: Dicionário de autores contemporâneos (2ª Edição) – Faraco & Hickmann – 1983 – 70 – – Edições Porto Alegre (Prefeitura Municipal) – Importante guia biográfico e bibliográfico de consulta rápida mapeando os principais escritores em atividade no cenário literário gaúcho da década de 1980 - Brochura, capa original em bom estado, miolo completo, firme, amarelado pela ação do tempo.;Avenida Leilões - Livreiro Antiquário;RS;16/7/2026 19:30h;10,00;;em_andamento;https://www.leiloesbr.com.br/abre_catalogo.asp?t=1|http://www.avenidalivros.com.br|62919|31308921;2026-07-10T18:19:39+00:00
Araújo Porto-Alegre;LIVRO - Annaes do Congresso Operario realizado em Porto Alegre em 1.º de Maio de 1934 – Federação Operaria do Rio Grande do Sul – 1934 – 14x21 – 180 pags. – Federação Operaria do Rio Grande do Sul – Documento histórico raríssimo de circulação interna que compila as teses, atas, resoluções e manifestos aprovados no emblemático congresso de militância sindical livre e operária realizado na capital gaúcha na década de 1930. - Brochura, capa original em estado regular, miolo completo, firme, amarelado pela ação do tempo, com reforço na lombada.;Avenida Leilões - Livreiro Antiquário;RS;16/7/2026 19:30h;165,00;;em_andamento;https://www.leiloesbr.com.br/abre_catalogo.asp?t=1|http://www.avenidalivros.com.br|62919|31308905;2026-07-10T18:19:39+00:00
Medeiros e Albuquerque;LIVRO - Quando eu era vivo... Memórias: 1867 a 1934 – Medeiros e Albuquerque – 1942 – 336 páginas – 16 x 23 cm – Livraria do Globo – Edição póstuma e definitiva das memórias do jornalista, político e escritor Medeiros e Albuquerque (membro da Academia Brasileira de Letras), oferecendo um rico e por vezes irônico panorama da vida intelectual, política e social do Brasil da transição do Império para a República - Brochura, capa original em bom estado, miolo completo, firme, amarelado pela ação do tempo.;Avenida Leilões - Livreiro Antiquário;RS;16/7/2026 19:30h;10,00;;em_andamento;https://www.leiloesbr.com.br/abre_catalogo.asp?t=1|http://www.avenidalivros.com.br|62919|31308896;2026-07-10T18:19:39+00:00
Araújo Porto-Alegre;LIVRO - Auguste de Saint-Hilaire em Porto Alegre - 1820-21 – Secretaria Municipal de Educação e Cultura (Org.) – 1979 – 92 páginas – 15 x 22 cm – Prefeitura Municipal de Porto Alegre – Publicação comemorativa promovida pela Associação Riograndense de Imprensa em razão do Bicentenário de Nascimento do naturalista e viajante francês Auguste de Saint-Hilaire, resgatando seus registros históricos sobre a capital gaúcha na década de 1820 - Brochura, capa original em bom estado, miolo completo, firme, amarelado pela ação do tempo.;Avenida Leilões - Livreiro Antiquário;RS;16/7/2026 19:30h;10,00;;em_andamento;https://www.leiloesbr.com.br/abre_catalogo.asp?t=1|http://www.avenidalivros.com.br|62919|31308893;2026-07-10T18:19:39+00:00
Araújo Porto-Alegre;LIVRO - Porto Alegre: Crônicas de Minha Cidade – Ary Veiga Sanhudo – 1979 – – 15 x 22 cm – Instituto Estadual do Livro (IEL) / UCS / EST – Obra clássica de crônicas urbanas e históricas que retrata a evolução cotidiana, os personagens marcantes, as ruas e os cenários da Porto Alegre de outrora, publicada dentro de uma importante parceria institucional de fomento literário no Rio Grande do Sul - Brochura, capa original em bom estado, miolo completo, firme, amarelado pela ação do tempo.;Avenida Leilões - Livreiro Antiquário;RS;16/7/2026 19:30h;15,00;;em_andamento;https://www.leiloesbr.com.br/abre_catalogo.asp?t=1|http://www.avenidalivros.com.br|62919|31308891;2026-07-10T18:19:39+00:00
Araújo Porto-Alegre;LIVRO - Reminiscências de Pôrto Alegre 1ª edição – Gaston Hasslocher Mazeron– 95 páginas – – Editora Selbach – Reunião de crônicas de teor histórico e memorialístico sobre a capital gaúcha, resgatando a fisionomia e os costumes de bairros tradicionais (como a antiga Cidade Baixa) que sofreram profundas transformações urbanas ao longo do século XX. - Brochura, capa original em em estado regular, miolo completo, firme, amarelado pela ação do tempo.;Avenida Leilões - Livreiro Antiquário;RS;16/7/2026 19:30h;100,00;;em_andamento;https://www.leiloesbr.com.br/abre_catalogo.asp?t=1|http://www.avenidalivros.com.br|62919|31308890;2026-07-10T18:19:39+00:00
Araújo Porto-Alegre;LIVRO - O transporte collectivo em Porto Alegre: Exposição das condições actuaes, pelo Intendente Municipal – Alberto Bins – 1930 – 20 pags. – Officinas graphicas d`«A Federação» – Relatório e estudo de época encomendado e assinado pelo então intendente Alberto Bins, detalhando o panorama e a infraestrutura dos bondes e transportes públicos da capital gaúcha na transição para a década de 1930 - Brochura, capa original em bom estado, miolo completo, firme, amarelado pela ação do tempo.;Avenida Leilões - Livreiro Antiquário;RS;16/7/2026 19:30h;20,00;;em_andamento;https://www.leiloesbr.com.br/abre_catalogo.asp?t=1|http://www.avenidalivros.com.br|62919|31308872;2026-07-10T18:19:39+00:00
Araújo Porto-Alegre;LIVRO - História de Porto Alegre para a infância e juventude – Walter Spalding – 1967 – 92 páginas – 23 x 16 cm – Livraria Sulina – Importante obra em formato horizontal editada em convênio com o Instituto Estadual do Livro (IEL), voltada à introdução da história da capital gaúcha para o público jovem - Brochura, capa original em bom estado, miolo completo, firme, amarelado pela ação do tempo.;Avenida Leilões - Livreiro Antiquário;RS;16/7/2026 19:30h;10,00;;em_andamento;https://www.leiloesbr.com.br/abre_catalogo.asp?t=1|http://www.avenidalivros.com.br|62919|31308831;2026-07-10T18:19:39+00:00
Araújo Porto-Alegre;LIVRO - P. Antônio Sepp, S. J., O Gênio das Reduções Guaranis – Arthur Rabuske, S.J. – 1978 – 68 páginas – 16 x 22 cm – Edição do Autor – Ensaio biográfico e histórico impresso em Porto Alegre que joga luz sobre a extraordinária atuação musical, artística e técnica do jesuíta Antônio Sepp nas missões orientais - Brochura, capa original em bom estado, miolo completo, firme, amarelado pela ação do tempo.;Avenida Leilões - Livreiro Antiquário;RS;16/7/2026 19:30h;10,00;;em_andamento;https://www.leiloesbr.com.br/abre_catalogo.asp?t=1|http://www.avenidalivros.com.br|62919|31308829;2026-07-10T18:19:39+00:00
Araújo Porto-Alegre;LIVRO - Memórias de um Escritor de Província – Sérgio da Costa Franco – 2008 – 208 páginas – 14 x 21 cm – – Relato autobiográfico e intelectual de um dos maiores historiadores contemporâneos do Rio Grande do Sul, lançado em Porto Alegre de forma independente, registrando sua trajetória cultural e suas vivências no meio literário local - Brochura, capa original em bom estado, miolo completo, firme, amarelado pela ação do tempo.;Avenida Leilões - Livreiro Antiquário;RS;16/7/2026 19:30h;20,00;;em_andamento;https://www.leiloesbr.com.br/abre_catalogo.asp?t=1|http://www.avenidalivros.com.br|62919|31308796;2026-07-10T18:19:39+00:00
Araújo Porto-Alegre;LIVRO - Antigualhas: Reminiscências de Porto Alegre – Antônio Álvares Pereira Coruja – 1983 – 174 páginas – 14 x 21 cm – ERUS – Edição com introdução e notas do historiador Sérgio da Costa Franco, resgatando as crônicas e memórias clássicas do autor sobre o cotidiano, os costumes e a evolução urbana da capital gaúcha no século XIX - Brochura, capa original em bom estado, miolo completo, firme, amarelado pela ação do tempo.;Avenida Leilões - Livreiro Antiquário;RS;16/7/2026 19:30h;10,00;;em_andamento;https://www.leiloesbr.com.br/abre_catalogo.asp?t=1|http://www.avenidalivros.com.br|62919|31308795;2026-07-10T18:19:39+00:00
Araújo Porto-Alegre;LIVRO - Primeira Guerra Mundial: Reflexos no Brasil – Círculo de Pesquisas Literárias - CIPEL – 2014 – 128 páginas – 14 x 21 cm – Ediplat – Coletânea de ensaios históricos e literários publicada em Porto Alegre que analisa o impacto político, econômico e cultural da Grande Guerra na sociedade e na imprensa brasileira - Brochura, capa original em bom estado, miolo completo, firme, amarelado pela ação do tempo.;Avenida Leilões - Livreiro Antiquário;RS;16/7/2026 19:30h;10,00;;em_andamento;https://www.leiloesbr.com.br/abre_catalogo.asp?t=1|http://www.avenidalivros.com.br|62919|31308792;2026-07-10T18:19:39+00:00
Araújo Porto-Alegre;LIVRO - A Ética Política de Lenine: Segundo os Princípios de Sua Doutrina Política - Estudo das Fontes – Affonso Urbano Thiesen – 1967 – 214 páginas – 16 x 23 cm – Instituto de Filosofia / Universidade Federal do Rio Grande do Sul – Um rigoroso trabalho acadêmico de análise documental e filosófica das fontes originais da teoria leninista, impresso pela Universidade Federal do Rio Grande do Sul em Porto Alegre - Brochura, capa original em bom estado, miolo completo, firme, amarelado pela ação do tempo.;Avenida Leilões - Livreiro Antiquário;RS;16/7/2026 19:30h;10,00;;em_andamento;https://www.leiloesbr.com.br/abre_catalogo.asp?t=1|http://www.avenidalivros.com.br|62919|31308762;2026-07-10T18:19:39+00:00
Araújo Porto-Alegre;LIVRO - Teoria Geral do Estado – Darcy Azambuja – 1957 – 394 páginas – 14 x 22 cm – Editora Globo – Assinado pelo emérito professor catedrático da Faculdade de Direito de Porto Alegre, esta prestigiada quarta edição é um dos mais tradicionais e influentes manuais jurídicos brasileiros dedicados a esmiuçar a evolução do conceito de soberania, a separação de poderes e as estruturas constitucionais do Estado moderno - Brochura, capa original em bom estado, miolo completo, firme, amarelado pela ação do tempo.;Avenida Leilões - Livreiro Antiquário;RS;16/7/2026 19:30h;10,00;;em_andamento;https://www.leiloesbr.com.br/abre_catalogo.asp?t=1|http://www.avenidalivros.com.br|62919|31308757;2026-07-10T18:19:39+00:00
Araújo Porto-Alegre;LIVRO - Revolução de 1923 – Arthur Ferreira Filho – 1973 – 164 páginas – 14 x 22 cm – – Referenciado na foto, a imagem revela a capa original em brochura de um clássico ensaio historiográfico publicado de forma independente em Porto Alegre, dedicado a analisar com rigor militar e documental o violento conflito armado que opôs assisistas e borgistas no território gaúcho - Brochura, capa original em bom estado, miolo completo, firme, amarelado pela ação do tempo.;Avenida Leilões - Livreiro Antiquário;RS;16/7/2026 19:30h;20,00;;em_andamento;https://www.leiloesbr.com.br/abre_catalogo.asp?t=1|http://www.avenidalivros.com.br|62919|31308741;2026-07-10T18:19:39+00:00
Araújo Porto-Alegre;LIVRO - Julinho: 100 anos de história – Otavio Rojas Lima e Paulo Flávio Ledur (Orgs.) – 2000 – 192 páginas – 16 x 23 cm – AGE Editora – Referenciado na foto, o registro capta a folha de rosto desta importante obra memorialista que resgata o centenário, o impacto cultural e a trajetória de uma das instituições de ensino mais tradicionais e emblemáticas de Porto Alegre. - Brochura, capa original em bom estado, miolo completo, firme, amarelado pela ação do tempo.;Avenida Leilões - Livreiro Antiquário;RS;16/7/2026 19:30h;10,00;;em_andamento;https://www.leiloesbr.com.br/abre_catalogo.asp?t=1|http://www.avenidalivros.com.br|62919|31308736;2026-07-10T18:19:39+00:00
Machado de Assis;"COLEÇÃO COM 30 VOLUMES - Obras Completas de Machado de Assis com 30 volumes (1957); de Machado de Assis; W. M. Jackson Editores; livros capa dura; 14x21cm; em bom estado de conservação. Do vol. 1 ao 31, exceto o vol. 5;  CONFERIR VOLUMES DA COLEÇÃO NAS IMAGENS.";Bruce Angeiras Leilões;RJ;16/7/2026 15h;300,00;;em_andamento;https://www.leiloesbr.com.br/abre_catalogo.asp?t=1|http://www.bruceangeirasleiloeiro.com.br|61635|30974260;2026-07-10T18:19:39+00:00
Machado de Assis;"COLEÇÃO COM 30 VOLUMES - Obras Completas Machado de Assis com 30 volumes (1997); de Machado de Assis; editora Globo; livros capa dura; 14x21cm; em bom estado de conservação. CONFERIR NOMES DOS EXEMPLARES DA COLEÇÃO NAS IMAGENS.";Bruce Angeiras Leilões;RJ;16/7/2026 15h;30,00;;em_andamento;https://www.leiloesbr.com.br/abre_catalogo.asp?t=1|http://www.bruceangeirasleiloeiro.com.br|61635|30938832;2026-07-10T18:19:39+00:00
Graça Aranha;"Graça Aranha e o ""Canaã"" (1967); de Augusto Emilio Estellita Lins; editora Livraria São José; livro capa dura; 20x28cm; 540 páginas; em bom estado de conservação.";Bruce Angeiras Leilões;RJ;16/7/2026 15h;10,00;;em_andamento;https://www.leiloesbr.com.br/abre_catalogo.asp?t=1|http://www.bruceangeirasleiloeiro.com.br|61635|30879062;2026-07-10T18:19:39+00:00
Francisco Adolfo de Varnhagen;"História da Independência do Brasil (1940); de Francisco Adolfo de Varnhagen; editora Melhoramentos; livro brochura; 16x23cm; 891 páginas; em bom estado de conservação.";Bruce Angeiras Leilões;RJ;16/7/2026 15h;10,00;;em_andamento;https://www.leiloesbr.com.br/abre_catalogo.asp?t=1|http://www.bruceangeirasleiloeiro.com.br|61635|30864304;2026-07-10T18:19:39+00:00
Francisco Adolfo de Varnhagen;"História da Independência do Brasil (1957); de Francisco Adolfo de Varnhagen; editora Melhoramentos; livro brochura; 17x24cm; 365 páginas; em bom estado de conservação.";Bruce Angeiras Leilões;RJ;16/7/2026 15h;10,00;;em_andamento;https://www.leiloesbr.com.br/abre_catalogo.asp?t=1|http://www.bruceangeirasleiloeiro.com.br|61635|30863833;2026-07-10T18:19:39+00:00
Fagundes Varela;"COLEÇÃO COM 2 VOLUMES - Obras Completas de Fagundes Varela vol. 2 e 3; de Fagundes Varela; editora Zelio Valverde; livros capa dura; 13x19cm; em bom estado de conservação.";Bruce Angeiras Leilões;RJ;16/7/2026 15h;10,00;;em_andamento;https://www.leiloesbr.com.br/abre_catalogo.asp?t=1|http://www.bruceangeirasleiloeiro.com.br|61635|30861117;2026-07-10T18:19:39+00:00
Machado de Assis;"A Presença Alemã na obra de Machado de Assis (1974); de A. Fonseca Pimentel; editora Livraria São José; livro brochura; 14x19cm; 43 páginas; em bom estado de conservação.";Bruce Angeiras Leilões;RJ;16/7/2026 15h;10,00;;em_andamento;https://www.leiloesbr.com.br/abre_catalogo.asp?t=1|http://www.bruceangeirasleiloeiro.com.br|61635|30860448;2026-07-10T18:19:39+00:00
Machado de Assis;"Machado de Assis na Literatura Brasileira (1966); de Afrânio Coutinho; editora Livraria São José; livro brochura; 14x19cm; 120 páginas; em bom estado de conservação.";Bruce Angeiras Leilões;RJ;16/7/2026 15h;10,00;;em_andamento;https://www.leiloesbr.com.br/abre_catalogo.asp?t=1|http://www.bruceangeirasleiloeiro.com.br|61635|30860422;2026-07-10T18:19:39+00:00
Machado de Assis;"A Razão Cética - Machado de Assis e as questões de seu tempo (1988); de Katia Muricy; editora Companhia das Letras; livro brochura; 14x21cm; 140 páginas; em bom estado de conservação.";Bruce Angeiras Leilões;RJ;16/7/2026 15h;10,00;;em_andamento;https://www.leiloesbr.com.br/abre_catalogo.asp?t=1|http://www.bruceangeirasleiloeiro.com.br|61635|30860400;2026-07-10T18:19:39+00:00
Rui Barbosa;"Literatura Popular em Verso - Estudos tomo I (1973); editora Ministério da Educação e Cultura, Fundação Casa de Rui Barbosa; livro brochura; 17x24cm; 419 páginas; em bom estado de conservação.";Bruce Angeiras Leilões;RJ;16/7/2026 15h;10,00;;em_andamento;https://www.leiloesbr.com.br/abre_catalogo.asp?t=1|http://www.bruceangeirasleiloeiro.com.br|61635|30860344;2026-07-10T18:19:39+00:00
Machado de Assis;"Machado de Assis (Estudo Crítico e Biográfico) (1988); de Lúcia Miguel Pereira; editora Univerisade de São Paulo; livro brochura; 16x23cm; 310 páginas; em bom estado de conservação.";Bruce Angeiras Leilões;RJ;16/7/2026 15h;10,00;;em_andamento;https://www.leiloesbr.com.br/abre_catalogo.asp?t=1|http://www.bruceangeirasleiloeiro.com.br|61635|30857846;2026-07-10T18:19:39+00:00
Machado de Assis;"Fontes para o Estudo de Machado de Assis (1958); de J. Galante de Souza; editora Instituto Nacional do Livro; livro brochura; 16x23cm; 310 páginas; em bom estado de conservação, com rasgos na borda da capa.";Bruce Angeiras Leilões;RJ;16/7/2026 15h;10,00;;em_andamento;https://www.leiloesbr.com.br/abre_catalogo.asp?t=1|http://www.bruceangeirasleiloeiro.com.br|61635|30857121;2026-07-10T18:19:39+00:00
Machado de Assis;"COLEÇÃO COM 3 VOLUMES - Machado de Assis Obra Completa vol. 1, 2 e 3 (1971); de Machado de Assis; editora Companhia José Aguillar; livros capa dura; 13x19cm; em bom estado de conservação.";Bruce Angeiras Leilões;RJ;16/7/2026 15h;50,00;;em_andamento;https://www.leiloesbr.com.br/abre_catalogo.asp?t=1|http://www.bruceangeirasleiloeiro.com.br|61635|30856836;2026-07-10T18:19:39+00:00
Machado de Assis;"Memórias Póstumas de Machado de Assis (1997); de Josué Montello; editora Nova Fronteira; livro brochura; 16x23cm; 767 páginas; em bom estado de conservação.";Bruce Angeiras Leilões;RJ;16/7/2026 15h;10,00;;em_andamento;https://www.leiloesbr.com.br/abre_catalogo.asp?t=1|http://www.bruceangeirasleiloeiro.com.br|61635|30854858;2026-07-10T18:19:39+00:00
Machado de Assis;"COLEÇÃO COM 4 VOLUMES - Vida e obra de Machado de Assis vol. 1, 2, 3 e 4 (1981); de R. Magalhães Júnior; editora Civilização Brasileira; livros brochura; 14x21cm; em bom estado de conservação.";Bruce Angeiras Leilões;RJ;16/7/2026 15h;20,00;;em_andamento;https://www.leiloesbr.com.br/abre_catalogo.asp?t=1|http://www.bruceangeirasleiloeiro.com.br|61635|30854687;2026-07-10T18:19:39+00:00
Machado de Assis;"O Mundo de Machado de Assis (1961); de Miécio Táti; editora Secretaria de Estado da Educação e Cultura; livro brochura; 16x23cm; 241 páginas; em bom estado de conservação.";Bruce Angeiras Leilões;RJ;16/7/2026 15h;10,00;;em_andamento;https://www.leiloesbr.com.br/abre_catalogo.asp?t=1|http://www.bruceangeirasleiloeiro.com.br|61635|30843514;2026-07-10T18:19:39+00:00
Machado de Assis;"O Olhar Pedagógico em Machado de Assis (1999); de Arnaldo Niskier; editora Expressão e Cultura; livro capa dura; 22x29cm; 128 páginas; em bom estado de conservação.";Bruce Angeiras Leilões;RJ;16/7/2026 15h;10,00;;em_andamento;https://www.leiloesbr.com.br/abre_catalogo.asp?t=1|http://www.bruceangeirasleiloeiro.com.br|61635|30843401;2026-07-10T18:19:39+00:00
Machado de Assis;"Machado de Assis: uma revisão (1998); org. Antonio Carlos Secchin, José Maurício Gomes de Almeida e Ronaldes de Melo e Souza; editora In-Fólio; livro capa dura com sobrecapa; 22x29cm; 240 páginas; em bom estado de conservação.";Bruce Angeiras Leilões;RJ;16/7/2026 15h;10,00;;em_andamento;https://www.leiloesbr.com.br/abre_catalogo.asp?t=1|http://www.bruceangeirasleiloeiro.com.br|61635|30843393;2026-07-10T18:19:39+00:00
Medeiros e Albuquerque;Se eu fosse Sherlock Holmes por Medeiros e Albuquerque, 1932, Livraria Francisco Alves com 226 pgs.;Antiguitati Leilões;RJ;17/7/2026 14h;70,00;;em_andamento;https://www.leiloesbr.com.br/abre_catalogo.asp?t=1|http://www.antiguitati.com.br|63310|31540358;2026-07-10T18:19:39+00:00
Coelho Neto;Immortalidade por Coelho Neto, 1925, 1ª edição com 332 pgs.;Antiguitati Leilões;RJ;17/7/2026 14h;80,00;;em_andamento;https://www.leiloesbr.com.br/abre_catalogo.asp?t=1|http://www.antiguitati.com.br|63310|31540331;2026-07-10T18:19:39+00:00
Castro Alves;"LIVRO RARO ""POESIAS COMPLETAS DE CASTRO ALVES"" - EDIÇÃO VINTAGE - ESSE É UM EXEMPLAR ANTIGO DE POESIAS COMPLETAS DO POETA CASTRO ALVES, A CAPA É DURA, PRETA, COM DETALHES GEOMÉTRICOS NA LOMBADA E O NOME DO AUTOR EM BRANCO. AS BORDAS ESTÃO UM POUCO DESGASTADA E O DESENHO DA CAPA UM POUCO APAGADO, O QUE REFORÇA O CHARME DA OBRA ANTIGA. UMA EDIÇÃO QUE SE DESTACA ALÉM DO CONTEÚDO, PELO SEU VISUAL CLÁSSICO E ENVELHECIDO. IDEAL PARA COLECIONADORES, AMANTES DA LITERATURA BRASILEIRA OU POR QUEM VALORIZA PEÇAS ÚNICAS COM VALORHISTÓRICO.";Leilão Express Brasil;SP;17/7/2026 20h;50,00;;em_andamento;https://www.leiloesbr.com.br/abre_catalogo.asp?t=1|http://www.leilaoexpressbrasil.com.br|62425|31479136;2026-07-10T18:19:39+00:00
Machado de Assis;Bibliofilia: Lote c/2 volumes: Dom Casmurro, Machado de Assis, Editora Paulus // Ciclo da Lua - Poemas, César Magalhães Borges - 20 X 14 cm (cada) // marcas do tempo e uso;Galpão dos Leilões;SP;18/7/2026 14:33h;5,00;;em_andamento;https://www.leiloesbr.com.br/abre_catalogo.asp?t=1|http://www.galpaodosleiloes.lel.br|62667|31544938;2026-07-10T18:19:39+00:00
Machado de Assis;RR Antiguidades  Antigo livro da editora Jose Aguilar - Machado de Assis - Romances Volume 3 - Poesia, Cronica, critica miscelania e epistolario .  Dimensoes aproximadas: 19,0 cms x 12,0 cms. Peca em bom estado porem com sinais do tempo. Livro vendido no estado. COD 5925 Rrdeco;RR DECO Antiguidades;RJ;18/7/2026 18h;120,00;;em_andamento;https://www.leiloesbr.com.br/abre_catalogo.asp?t=1|http://www.rrdeco.com.br|60187|30176553;2026-07-10T18:19:39+00:00
Machado de Assis;LIVRO:COLEÇÃO MACHADO DE ASSIS 29 VOLUMES,EDITORA MÉRITO,ANO1961,,  ENCADERNAÇÃO ORIGINAL DA EDITORA EM BOM ESTADO CONFORME AS FOTOS .FALTA O VOLUME 5 E 6;Thais Queiroz - Leiloeira Pública;RJ;21/7/2026 18:50h;60,00;;em_andamento;https://www.leiloesbr.com.br/abre_catalogo.asp?t=1|http://www.thaisqueirozleiloeira.com.br|62994|31599774;2026-07-10T18:19:39+00:00
Machado de Assis;LIVRO. MACHADO DE ASSIS. Livro A OLHOS VISTOS: Uma Iconografia de Machado de Assis, de Hélio de Seixas Guimarães e Vladimir Sacchetta, capa mole dobrada, ilustrado, 193p., Instituto Moreira Salles, Rio de Janeiro, 2008. 28,0 x 21,0 cm. Exemplar bem conservado.;Cohen Leilões;RJ;21/7/2026 15h;10,00;;em_andamento;https://www.leiloesbr.com.br/abre_catalogo.asp?t=1|http://www.cohenleiloes.com.br|63413|31582810;2026-07-10T18:19:39+00:00
Rui Barbosa;LIVRO. HOMEOPATIA. Livro A HISTÓRIA DA HOMEOPATIA NO RIO DE JANEIRO, lançado na exposição de mesmo nome de 1986, brochura, ilustrado, 55p., acondicionado em pasta apropriada e protegido por envelope plástico, Fundação Casa de Rui Barbosa, Rio de Janeiro, 1986. 22,0 x 16,5 cm. Exemplar conservado.;Cohen Leilões;RJ;21/7/2026 15h;50,00;;em_andamento;https://www.leiloesbr.com.br/abre_catalogo.asp?t=1|http://www.cohenleiloes.com.br|63413|31573374;2026-07-10T18:19:39+00:00
Rui Barbosa;LIVRO. RIO DE JANEIRO. BONDES. Livro A TRAJETÓRIA DO BONDE NO RIO DE JANEIRO DENTRO DA PERSPECTIVA EMPRESARIAL, de Elisabeth Von Der Weid, brochura, acondicionado em pasta apropriada e protegido em envelope plástico, 51p., Fundação Casa de Rui Barbosa, Rio de Janeiro, 1994. 21,0 x 15,0 cm. Exemplar conservado.;Cohen Leilões;RJ;21/7/2026 15h;10,00;;em_andamento;https://www.leiloesbr.com.br/abre_catalogo.asp?t=1|http://www.cohenleiloes.com.br|63413|31573257;2026-07-10T18:19:39+00:00
Joaquim Nabuco, José Veríssimo, Manuel Antônio de Almeida;COLEÇÃO BIBLIOTECA BÁSICA BRASILEIRA / 10 VOLUMES / CAPAS DURAS / EDITORA UNIVERSIDADE DE BRASÍLIA / 1963 / CADA VOLUME 26 X 16 CM / VOLUMES COM SINAIS DE USO, EM BOM ESTADO / VARIAM DE 480 A 780 PÁGINAS / CX230 / SHVOLUMES E AUTORES:1 - M. SAID ALI  GRAMÁTICA SECUNDÁRIA E GRAMÁTICA HISTÓRICA DA LÍNGUA PORTUGUESA2 - CAPISTRANO DE ABREU  CAPÍTULOS DE HISTÓRIA COLONIAL / O POVOAMENTO DO BRASIL E CAMINHOS ANTIGOS3 - JOSÉ VERÍSSIMO  HISTÓRIA DA LITERATURA BRASILEIRA4 - FERNANDO DE AZEVEDO  A CULTURA BRASILEIRA5 - EUCLIDES DA CUNHA  OS SERTÕES6 - CELSO FURTADO  FORMAÇÃO ECONÔMICA DO BRASIL7 - GILBERTO FREYRE  CASA-GRANDE & SENZALA8 - JOAQUIM NABUCO  MINHA FORMAÇÃO9 - MANUEL ANTÔNIO DE ALMEIDA  MEMÓRIAS DE UM SARGENTO DE MILÍCIAS10 - SÉRGIO BUARQUE DE HOLANDA  RAÍZES DO BRASIL#COLECIONISMO / #LIVROS / #HISTÓRIA / #LITERATURA / #BRASIL / #ANTROPOLOGIA / #SOCIOLOGIA;Robson Gini Leilões - Trem das 7;SP;22/7/2026 19:30h;200,00;;em_andamento;https://www.leiloesbr.com.br/abre_catalogo.asp?t=1|http://www.tremdas7.com.br|63324|31515447;2026-07-10T18:19:39+00:00
Júlio Ribeiro;TUDO O QUE VOCÊ QUERIA SABER SOBRE PROPAGANDA E NINGUÉM TEVE PACIÊNCIA PARA EXPLICAR - JÚLIO RIBEIRO E OUTROS / 1995 /  434 PGS / ÓTIMO ESTADO / CX155 / SH1;Robson Gini Leilões - Trem das 7;SP;22/7/2026 19:30h;11,00;;em_andamento;https://www.leiloesbr.com.br/abre_catalogo.asp?t=1|http://www.tremdas7.com.br|63324|31514809;2026-07-10T18:19:39+00:00
Rui Barbosa;345  RUI BARBOSA - Livro Teoria Política (Rui Barbosa), em capa dura. 341 pág. Apresenta marcas do tempo.;Pró Chic Leilões;RJ;23/7/2026 17h;30,00;;em_andamento;https://www.leiloesbr.com.br/abre_catalogo.asp?t=1|http://www.prochicleiloes.com.br|63366|31540171;2026-07-10T18:19:39+00:00
Araújo Porto-Alegre;LIVRO FUNDAMENTOS DE GINECOLOGIA E OBSTETRÍCIA  HACKER & MOORE / 2ª EDIÇÃO / 1994 / CAPA DURA / CX 207 / SH1OBRA CLÁSSICA DA ÁREA MÉDICA, REFERÊNCIA INTERNACIONAL EM GINECOLOGIA E OBSTETRÍCIA.ESCRITO POR NEVILLE F. HACKER (UNIVERSITY OF NEW SOUTH WALES, AUSTRÁLIA) E J. GEORGE MOORE (UCLA SCHOOL OF MEDICINE, EUA),COM TRADUÇÃO PARA O PORTUGUÊS PELO DR. LUIZ IRINEU CIBILIS SETTNERI E SUPERVISÃO DO DR. MAURO BRITTO.PUBLICADO PELA ARTES MÉDICAS (PORTO ALEGRE, 1994), ESTA 2ª EDIÇÃO TRAZ CONTEÚDO COMPLETO, COM ÊNFASE EM GINECOLOGIA CLÍNICA, OBSTETRÍCIA, PATOLOGIAS, TRATAMENTOS E PROTOCOLOS MÉDICOS MODERNOS PARA A ÉPOCA.474 PÁGINAS / CAPA DURA / FORMATO 30 X 21 CMESTADO DE CONSERVAÇÃO: ÓTIMO  LEVES MARCAS NATURAIS DO TEMPO, SEM RASURAS OU ANOTAÇÕES INTERNAS.CÓDIGO: CX 207 / SH1TAGS: #MEDICINA #GINECOLOGIA #OBSTETRICIA #LIVROMEDICO #CIENCIASDA SAUDE #UNIVERSIDADE #HACKERMOORE #CAPADURA;Robson Gini Leilões - Trem das 7;SP;27/7/2026 19:30h;30,00;;em_andamento;https://www.leiloesbr.com.br/abre_catalogo.asp?t=1|http://www.tremdas7.com.br|63449|31567836;2026-07-10T18:19:39+00:00
Araújo Porto-Alegre;Antigo livro O Pintor do Romantismo (vida e obra de Manoel de Araujo Porto-alegre), de Paranhos Antunes, Editora Zelio Valverde, 1943, capa dura, danos na lombada, 240 páginas.;Antigoporto Leilões;RS;29/7/2026 20h;50,00;;em_andamento;https://www.leiloesbr.com.br/abre_catalogo.asp?t=1|http://www.antigoporto.com.br|62423|31448773;2026-07-10T18:19:39+00:00
Clóvis Beviláqua, Tobias Barreto;Lote com 6 livros de Aloysio Tavares Picanço: Inteligência e Cultura, Clóvis Beviláqua Sesquicentenário de Nascimento, Maioridade aos Dezoito Anos, Expoentes do Idioma Português, Tobias Barreto Pensamento e Vida, Intelectual do Ano 2005/2006.;Antigoporto Leilões;RS;29/7/2026 20h;20,00;;em_andamento;https://www.leiloesbr.com.br/abre_catalogo.asp?t=1|http://www.antigoporto.com.br|62423|31445007;2026-07-10T18:19:39+00:00
Araújo Porto-Alegre;Porto Alegre e Seu Comércio, Sergio da Costa Franco, 1983, edição comemorativa do 125º aniversário da Associação Comercial de Porto Alegre, livro com 192 páginas.;Antigoporto Leilões;RS;29/7/2026 20h;10,00;;em_andamento;https://www.leiloesbr.com.br/abre_catalogo.asp?t=1|http://www.antigoporto.com.br|62423|31411653;2026-07-10T18:19:39+00:00
Araújo Porto-Alegre;Os Muckers Episódio Histórico Extraído da Vida Contemporânea nas Colônias Alemãs do Rio Grande do Sul, Padre Ambrósio Schupp, tradução Alfredo Clemente Pinto, edição da Livraria Selbach - Porto Alegre, livro encadernado com capa e contracapa originais, 320 páginas, bordas amareladas.;Antigoporto Leilões;RS;29/7/2026 20h;35,00;;em_andamento;https://www.leiloesbr.com.br/abre_catalogo.asp?t=1|http://www.antigoporto.com.br|62423|31410989;2026-07-10T18:19:39+00:00
Araújo Porto-Alegre;A Batalha de Porto Alegre 3 de Outubro de 1930, Sinval Medina, 2010, Martins Livreiro Editora, livro com 312 páginas e anexo final.;Antigoporto Leilões;RS;29/7/2026 20h;10,00;;em_andamento;https://www.leiloesbr.com.br/abre_catalogo.asp?t=1|http://www.antigoporto.com.br|62423|31347527;2026-07-10T18:19:39+00:00
Araújo Porto-Alegre;Relatório da Escola de Engenharia de Porto Alegre referente ao ano de 1915. Apresentado ao Conselho Escolar em 31 de janeiro de 1916 pelo Director Interino Dr. Manoel T. Barreto Vianna. Escola de Engenharia, Instituto de Engenharia, Instituto Gymnasial Julio de Castilhos, Instituto Astronomico e Meteorologico, Instituto Technico Profissional, Instituto de Electro Technica, Instituto de Agronomia e Veterinaria.;Antigoporto Leilões;RS;29/7/2026 20h;20,00;;em_andamento;https://www.leiloesbr.com.br/abre_catalogo.asp?t=1|http://www.antigoporto.com.br|62423|31300579;2026-07-10T18:19:39+00:00
Araújo Porto-Alegre;Porto Alegre Crônicas de Minha Cidade, Ary Veiga Sanhudo, 1979, coedição de Universidade de Caxias do Sul, EST e IEL, livro com 314 páginas, bordas com desgastes, dano de inseto na borda inferior da capa e primeiras folhas;Antigoporto Leilões;RS;29/7/2026 20h;20,00;;em_andamento;https://www.leiloesbr.com.br/abre_catalogo.asp?t=1|http://www.antigoporto.com.br|62423|31293518;2026-07-10T18:19:39+00:00
